역명코드,한글,한자,로마자,비고,좌표
0001,서울,서울(驛),Seoul,고속,"[37.55472, 126.97083]"
0002,영등포,永登浦,Yeongdeungpo,고속[8],"[37.515556, 126.907776]"
0003,수원,水原,Suwon,고속[9],"[37.262833, 127.00264]"
0004,평택,平澤,Pyeongtaek,고속[10],"[36.9908, 127.08517]"
0005,천안,天安,Cheonan,고속 [11],"[36.81012, 127.14682]"
0006,전의,全義,Jeonui,,"[36.678333, 127.20305]"
0007,조치원,鳥致院,Jochiwon,고속 [12],"[36.604336, 127.295425]"
0008,부강,芙江,Bugang,,"[36.532223, 127.36527]"
0009,신탄진,新灘津,Sintanjin,,"[36.449104, 127.4284]"
0010,대전,大田,Daejeon,고속,"[36.331894, 127.434525]"
0011,영동,永同,Yeongdong,,"[36.172222, 127.78667]"
0012,김천,金泉,Gimcheon,고속 [13],"[36.123333, 128.11473]"
0013,구미,龜尾,Gumi,고속 [14],"[36.12877, 128.32962]"
0014,왜관,倭館,Waegwan,,"[35.99222, 128.40027]"
0015,동대구,東大邱,Dongdaegu,고속,"[35.87972, 128.62921]"
0016,청도,淸道,Cheongdo,,"[35.640003, 128.7464]"
0017,밀양,密陽,Miryang,고속,"[35.47531, 128.7702]"
0018,삼랑진,三浪津,Samnangjin,,"[35.39917, 128.84305]"
0019,구포,龜浦,Gupo,벡스코[15] 고속,"[35.204613, 128.99657]"
0020,부산,釜山,Busan,고속,"[35.11499, 129.0421]"
0022,옥천,沃川,Okcheon,,"[36.297657, 127.56529]"
0023,대구,大邱,Daegu,,"[35.875927, 128.59605]"
0024,경산,慶山,Gyeongsan,고속,"[35.819294, 128.72804]"
0025,서대전,西大田,Seodaejeon,고속,"[36.322475, 127.4033]"
0026,연산,連山,Yeonsan,,"[36.212223, 127.200554]"
0027,논산,論山,Nonsan,고속,"[36.20727, 127.0925]"
0028,강경,江景,Ganggyeong,,"[36.154167, 127.01556]"
0029,함열,咸悅,Hamyeol,,"[36.079952, 126.95715]"
0030,익산,益山,Iksan,고속,"[35.94164, 126.9458]"
0031,김제,金堤,Gimje,고속,"[35.79361, 126.905556]"
0032,신태인,新泰仁,Sintaein,,"[35.68752, 126.8843]"
0033,정읍,井邑,Jeongeup,고속,"[35.575554, 126.8425]"
0034,백양사,白羊寺,Baegyangsa,,"[35.43139, 126.80806]"
0035,장성,長城,Jangseong,고속,"[35.300114, 126.77962]"
0036,광주송정,光州松汀,Gwangjusongjeong,고속,"[35.137848, 126.79023]"
0037,나주,羅州,Naju,고속,"[35.01426, 126.716995]"
0038,망상,望祥,Mangsang,영산포,"[37.587498, 129.09721]"
0039,함평,咸平,Hampyeong,정차 [16],"[35.02398, 126.538795]"
0040,일로,一老,Illo,,"[34.847492, 126.47655]"
0041,목포,木浦,Mokpo,고속,"[34.791943, 126.38722]"
0042,광주,光州,Gwangju,고속,"[35.16528, 126.909164]"
0043,극락강,極樂江,Geungnakgang,유　천,"[35.176113, 126.83055]"
0044,삼례,參禮,Samnye,,"[35.906666, 127.06426]"
0045,전주,全州,Jeonju,고속,"[35.852497, 127.163055]"
0046,임실,任實,Imsil,,"[35.633125, 127.29005]"
0047,오수,獒樹,Osu,,"[35.542946, 127.32059]"
0048,남원,南原,Namwon,고속,"[35.411205, 127.36182]"
0049,곡성,谷城,Gokseong,고속,"[35.283714, 127.30378]"
0050,구례구,求禮口,Guryegu,고속,"[35.16347, 127.45273]"
0051,순천,順天,Suncheon,고속,"[34.94637, 127.502205]"
0052,덕양,德陽,Deogyang,,"[34.81222, 127.6275]"
0053,여수EXPO,麗水EXPO,Yeosu-Expo,고속,"[34.75778, 127.747215]"
0054,화순,和順,Hwasun,,"[35.051327, 126.961975]"
0055,이양,梨陽,Iyang,,"[34.89075, 126.99002]"
0056,진영,進永,Jinyeong,고속,"[35.303795, 128.7299]"
0057,창원,昌原,Changwon,고속,"[35.257538, 128.60654]"
0059,마산,馬山,Masan,고속,"[35.235897, 128.57727]"
0060,함안,咸安,Haman,고속,"[35.24917, 128.42473]"
0061,군북,郡北,Gunbuk,,"[35.251526, 128.35048]"
0062,반성,班城,Banseong,,"[35.174725, 128.25806]"
0063,진주,晉州,Jinju,고속,"[35.15, 128.11806]"
0064,북천,北川,Bukcheon,,"[35.111664, 127.883606]"
0065,하동,河東,Hadong,,"[35.06361, 127.761665]"
0066,진상,津上,Jinsang,,"[35.0165, 127.7198]"
0068,광양,光陽,Gwangyang,,"[34.956112, 127.58778]"
0069,보성,寶城,Boseong,,"[34.766712, 127.08268]"
0070,청주,淸州,Cheongju,,"[36.646717, 127.39163]"
0071,증평,曾坪,Jeungpyeong,,"[36.778057, 127.58305]"
0072,음성,陰城,Eumseong,,"[36.926033, 127.703896]"
0073,충주,忠州,Chungju,고속[17],"[36.976112, 127.908615]"
0074,목행,牧杏,Mokhaeng,,"[37.016945, 127.93222]"
0075,예당,禮堂,Yedang,,"[34.77874, 127.20293]"
0076,온양온천,溫陽溫泉,Onyangoncheon,,"[36.780556, 127.003334]"
0077,도고온천,道高溫泉,Dogooncheon,,"[36.749527, 126.88957]"
0078,신례원,新禮院,Sillyewon,,"[36.72714, 126.849724]"
0079,예산,禮山,Yesan,,"[36.687172, 126.82902]"
0080,삽교,揷橋,Sapgyo,,"[36.68028, 126.75166]"
0081,홍성,洪城,Hongseong,,"[36.59944, 126.68111]"
0082,광천,廣川,Gwangcheon,,"[36.501553, 126.62233]"
0083,대천,大川,Daecheon,,"[36.34089, 126.58693]"
0085,판교(충남),板橋,Pangyo,,"[36.15568, 126.67934]"
0086,서천,舒川,Seocheon,,"[36.082222, 126.70861]"
0088,조성,鳥城,Joseong,,"[34.802223, 127.25056]"
0089,벌교,筏橋,Beolgyo,,"[34.841816, 127.34575]"
0090,청량리,淸凉里,Cheongnyangni,고속,"[37.58086, 127.048386]"
0091,양평,楊平,Yangpyeong,고속,"[37.498333, 127.49611]"
0093,제천,堤川,Jecheon,고속,"[37.12722, 128.20616]"
0094,삼곡,三谷,Samgok,,"[37.075855, 128.27399]"
0095,도담,嶋潭,Dodam,,"[37.02436, 128.32649]"
0096,단양,丹陽,Danyang,고속,"[36.973194, 128.34402]"
0097,풍기,豊基,Punggi,고속,"[36.874275, 128.52357]"
0098,영주,榮州,Yeongju,고속,"[36.810936, 128.62575]"
0099,옹천,甕泉,Ongcheon,,"[36.68522, 128.70366]"
0101,의성,義城,Uiseong,고속,"[36.35111, 128.69556]"
0103,영천,永川,Yeongcheon,고속,"[35.959446, 128.93916]"
0104,용산,龍山,Yongsan,고속,"[37.529705, 126.964745]"
0105,봉화,奉化,Bonghwa,,"[36.891468, 128.7271]"
0106,춘양,春陽,Chunyang,,"[36.936916, 128.92021]"
0107,현동,縣洞,Hyeondong,,"[36.93667, 129.01195]"
0108,석포,石浦,Seokpo,,"[37.045963, 129.0603]"
0109,철암,鐵岩,Cheoram,,"[37.112885, 129.03696]"
0111,도계,道溪,Dogye,,"[37.229073, 129.04448]"
0112,옥계,玉溪,Okgye,,"[37.61675, 129.05054]"
0113,동해,東海,Donghae,고속,"[37.49798, 129.12276]"
0114,묵호,墨湖,Mukho,고속,"[37.546055, 129.10823]"
0115,강릉,江陵,Gangneung,고속[18],"[37.76376, 128.89908]"
0116,쌍룡,雙龍,Ssangnyong,,"[37.174397, 128.32877]"
0117,영월,寧越,Yeongwol,,"[37.182426, 128.481]"
0118,석항,石項,Seokhang,,"[37.197224, 128.62029]"
0119,예미,禮美,Yemi,,"[37.21272, 128.65012]"
0120,민둥산,민둥山,Mindungsan,,"[37.245556, 128.77277]"
0121,사북,舍北,Sabuk,,"[37.226112, 128.81694]"
0122,고한,古汗,Gohan,,"[37.200832, 128.85278]"
0123,태백,太白,Taebaek,,"[37.17601, 128.98386]"
0124,문곡,文曲,Mungok,,"[37.151653, 128.99017]"
0125,태화강,太和江,Taehwagang,고속,"[35.539165, 129.35417]"
0126,좌천,佐川,Jwacheon,,"[35.311943, 129.24501]"
0127,신해운대,新海雲臺,Sinhaeundae,,"[35.181675, 129.1771]"
0128,황간,黃澗,Hwanggan,,"[36.224167, 127.912224]"
0129,한림정,翰林亭,Hallimjeong,,"[35.321556, 128.80353]"
0132,능주,綾州,Neungju,,"[34.988056, 126.95916]"
0133,추풍령,秋風嶺,Chupungnyeong,남광주,"[36.213333, 127.99583]"
0134,오근장,梧根場,Ogeunjang,,"[36.7, 127.47833]"
0135,안양,安養,Anyang,,"[37.40167, 126.922775]"
0136,횡천,橫川,Hoengcheon,,"[35.09944, 127.80139]"
0137,남포,藍浦,Nampo,,"[36.315556, 126.594444]"
0138,주덕,周德,Judeok,,"[36.973335, 127.80222]"
0139,여천,麗川,Yeocheon,고속,"[34.779446, 127.66722]"
0140,진해,鎭海,Jinhae,,"[35.15342, 128.66011]"
0141,오산,烏山,Osan,,"[37.145557, 127.06722]"
0142,소정리,小井里,Sojeong-ri,,"[36.718613, 127.155556]"
0143,사상,沙上,Sasang,,"[35.162514, 128.98894]"
0144,부산진,釜山鎭,Busanjin,,"[35.128723, 129.04991]"
0145,광운대,光云大,Kwangwoon Univ.,,"[37.623055, 127.06139]"
0146,퇴계원,退溪院,Toegyewon,,"[37.648335, 127.144165]"
0147,마석,磨石,Maseok,,"[37.652225, 127.312225]"
0148,대성리,大成里,Daeseong-ri,,"[37.684444, 127.37945]"
0149,청평,淸平,Cheongpyeong,,"[37.73528, 127.426384]"
0150,가평,加平,Gapyeong,,"[37.824165, 127.513054]"
0151,강촌,江村,Gangchon,,"[37.816387, 127.63167]"
0152,남춘천,南春川,Namchuncheon,,"[37.86111, 127.729164]"
0153,춘천,春川,Chuncheon,,"[37.8848, 127.71691]"
0154,옥산,玉山,Oksan,,"[36.28292, 128.09442]"
0155,청리,靑里,Cheong-ri,,"[36.339165, 128.12889]"
0156,상주,尙州,Sangju,,"[36.410393, 128.1639]"
0157,함창,咸昌,Hamchang,,"[36.56972, 128.17473]"
0158,점촌,店村,Jeomchon,,"[36.595608, 128.20335]"
0159,용궁,龍宮,Yonggung,,"[36.604164, 128.27722]"
0160,개포,開浦,Gaepo,,"[36.626915, 128.32863]"
0161,승부,承富,Seungbu,가　동,"[36.992683, 129.0844]"
0162,예천,醴泉,Yecheon,,"[36.647823, 128.44437]"
0165,임기,林基,Imgi,,"[36.90386, 128.9994]"
0166,분천,汾川,Buncheon,,"[36.932697, 129.05835]"
0167,백산,栢山,Baeksan,,"[37.138344, 129.03404]"
0168,덕소,德沼,Deokso,고속,"[37.586388, 127.20944]"
0169,용문,龍門,Yongmun,,"[37.482216, 127.594574]"
0170,지평,砥平,Jipyeong,,"[37.4763, 127.62943]"
0171,양동,楊東,Yangdong,,"[37.420288, 127.7548]"
0175,봉양,鳳陽,Bongyang,,"[37.129803, 128.13144]"
0186,남창,南倉,Namchang,,"[35.417328, 129.28354]"
0187,기장,機張,Gijang,,"[35.24139, 129.21805]"
0188,송정,松亭,Songjeong,,"[35.180927, 129.19994]"
0189,동래,東萊,Dongnae,,"[35.197575, 129.08975]"
0190,부전,釜田,Bujeon,고속,"[35.16456, 129.06018]"
0191,효자,孝子,Hyoja,,"[36.0075, 129.3336]"
0193,사방,士方,Sabang,,"[35.938057, 129.2325]"
0194,입석리,立石里,Ipseok-ri,,"[37.196857, 128.29765]"
0195,연당,淵堂,Yeondang,,"[37.185104, 128.39627]"
0196,함백,咸白,Hambaek,,"[37.21578, 128.69763]"
0197,자미원,紫味院,Jamiwon,,"[37.236076, 128.73358]"
0198,별어곡,別於谷,Byeoreogok,,"[37.269165, 128.73973]"
0199,선평,仙坪,Seonpyeong,,"[37.321667, 128.7125]"
0200,정선,旌善,Jeongseon,,"[37.38804, 128.67201]"
0201,나전,羅田,Najeon,,"[37.449722, 128.66861]"
0202,아우라지,,Auraji,,"[37.47278, 128.72194]"
0203,구절리,九切里,Gujeol-ri,,"[37.516666, 128.72665]"
0204,일신,日新,Ilsin,,"[37.44528, 127.688614]"
0205,득량,得粮,Deungnyang,,"[34.7615, 127.1702]"
0206,어등,魚登,Eodeung,,"[36.71528, 128.56]"
0207,도농,陶農,Donong,,"[37.60826, 127.16128]"
0208,굴봉산,屈峰山,Gulbongsan,,"[37.843, 127.550354]"
0209,덕하,德下,Deokha,,"[35.4955, 129.30933]"
0210,화명,華明,Hwamyeong,,"[35.237778, 129.00667]"
0213,삼탄,三灘,Samtan,,"[37.073055, 128.03835]"
0214,원덕,元德,Wondeok,,"[37.463333, 127.545555]"
0215,원동,院洞,Wondong,,"[35.36265, 128.92027]"
0216,거제해맞이,巨堤해맞이,Geojehaemaji,,"[35.182247, 129.0692]"
0217,월내,月內,Wollae,,"[35.321667, 129.27388]"
0218,계룡,鷄龍,Gyeryong,고속,"[36.272667, 127.265656]"
0219,개태사,開泰寺,Gaetaesa,,"[36.24139, 127.226944]"
0220,연무대,鍊武臺,Yeonmudae,,"[36.124443, 127.0875]"
0221,봉림,鳳林,Bongnim,,"[36.091667, 128.72249]"
0222,북영천,北永川,Bugyeongcheon,,"[35.96575, 128.91765]"
0223,신동,新洞,Sindong,,"[35.955555, 128.48528]"
0224,물금,勿禁,Mulgeum,고속,"[35.307148, 128.98537]"
0225,송탄,松炭,Songtan,,"[37.075695, 127.054344]"
0226,직지사,直指寺,Jikjisa,,"[36.125, 128.03973]"
0227,일광,日光,Ilgwang,,"[35.26655, 129.2328]"
0229,몽탄,夢灘,Mongtan,,"[34.92972, 126.50305]"
0230,약목,若木,Yangmok,,"[36.03722, 128.36446]"
0231,화산,花山,Hwasan,,"[36.017498, 128.85667]"
0232,서생,西生,Seosaeng,,"[35.344723, 129.29224]"
0233,덕산,德山,Deoksan,,"[35.280834, 128.68805]"
0234,중리,中里,Jung-ri,,"[35.24972, 128.51917]"
0235,명봉,鳴鳳,Myeongbong,,"[34.827587, 127.07608]"
0236,무안,務安,Muan,,"[34.96235, 126.51717]"
0237,세천,細川,Secheon,명　산,"[36.336666, 127.491104]"
0238,하양,河陽,Hayang,,"[35.91278, 128.82222]"
0239,금곡,金谷,Geumgok,,"[37.633053, 127.20194]"
0240,고막원,古幕院,Gomagwon,,"[35.024723, 126.608055]"
0241,괴목,槐木,Goemok,,"[35.095276, 127.42667]"
0243,서정리,西井里,Seojeong-ri,,"[37.057453, 127.053085]"
0245,심천,深川,Simcheon,,"[36.236946, 127.720276]"
0246,김유정,金裕貞,Gimyujeong,,"[37.819443, 127.71611]"
0247,달천,達川,Dalcheon,,"[36.960556, 127.880005]"
0248,성환,成歡,Seonghwan,,"[36.915558, 127.12778]"
0249,매곡,梅谷,Maegok,,"[37.433613, 127.73139]"
0250,삼산(중앙선),三山,Samsan,,"[37.392223, 127.779724]"
0251,노량진,鷺梁津,Noryangjin,,"[37.514168, 126.94292]"
0252,금천구청,衿川區廳,Geumcheon-gu Office,,"[37.455254, 126.89422]"
0253,청소,靑所,Cheongso,,"[36.445835, 126.59056]"
0255,사릉,思陵,Sareung,,"[37.65028, 127.17889]"
0256,평내호평,坪內好坪,PyeongnaeHopyeong,,"[37.653336, 127.24361]"
0257,상천,上泉,Sangcheon,,"[37.769722, 127.45389]"
0258,백양리,白楊里,Baegyang-ri,,"[37.826664, 127.612495]"
0259,공전,公田,Gongjeon,,"[37.10083, 128.07805]"
0260,소이,蘇伊,Soi,,"[36.9225, 127.756386]"
0261,백원,白元,Baegwon,,"[36.481945, 128.175]"
0262,정동진,正東津,Jeongdongjin,고속,"[37.69136, 129.03331]"
0263,신기,新基,Singi,,"[37.34603, 129.08533]"
0264,의정부,議政府,Uijeongbu,,"[37.738056, 127.04611]"
0265,신탄리,新炭里,Sintan-ri,,"[38.212967, 127.13969]"
0266,다시,多侍,Dasi,,"[35.016666, 126.64083]"
0268,죽림온천,竹林溫泉,Jungnimoncheon,,"[35.73389, 127.23222]"
0269,양수,兩水,Yangsu,,"[37.545555, 127.32916]"
0270,추암,湫岩,Chuam,,"[37.478188, 129.15765]"
0272,상동,上東,Sangdong,,"[35.555553, 128.76056]"
0273,압록,鴨綠,Amnok,,"[35.198612, 127.37334]"
0274,효천,孝泉,Hyocheon,,"[35.10276, 126.87667]"
0275,서광주,西光州,Seogwangju,,"[35.125, 126.846565]"
0276,청주공항,淸州空港,Cheongju Int'l Airport,,"[36.72139, 127.489716]"
0279,직산,稷山,Jiksan,,"[36.87083, 127.14389]"
0280,배방,排芳,Baebang,,"[36.77778, 127.053055]"
0281,신창(순천향대),新昌(順天鄕大),Sinchang(Soonchunhyang Univ.),,"[36.769627, 126.950806]"
0284,화양,華陽,Hwayang,,"[36.63111, 126.71527]"
0285,신성,新城,Sinseong,,"[36.568054, 126.66195]"
0286,원죽,元竹,Wonjuk,,"[36.466946, 126.6175]"
0287,주포,周浦,Jupo,,"[36.410835, 126.571945]"
0293,내수,內秀,Naesu,,"[36.728333, 127.536385]"
0294,도안,道安,Doan,,"[36.81333, 127.61444]"
0295,보천,甫川,Bocheon,,"[36.876663, 127.658615]"
0296,동량,東良,Dongnyang,,"[37.033333, 127.97056]"
0297,오송,五松,Osong,고속,"[36.62079, 127.3278]"
0298,제천조차장,堤川操車場,Jecheonjochajang,,"[37.127693, 128.17851]"
0299,삼척해변,三陟海邊,Samcheokhaebyeon,,"[37.468132, 129.16586]"
0300,이원,伊院,Iwon,,"[36.24389, 127.61806]"
0301,군포,軍浦,Gunpo,,"[37.35361, 126.94847]"
0302,의왕,義王,Uiwang,,"[37.321064, 126.94814]"
0303,병점,餠店,Byeongjeom,,"[37.20667, 127.03306]"
0304,전동,全東,Jeondong,,"[36.654167, 127.265274]"
0305,내판,內板,Naepan,,"[36.55722, 127.32472]"
0306,매포,梅浦,Maepo,,"[36.49889, 127.39083]"
0307,회덕,懷德,Hoedeok,,"[36.4025, 127.42166]"
0308,지탄,池灘,Jitan,,"[36.24167, 127.67583]"
0309,각계,覺溪,Gakgye,,"[36.208057, 127.725555]"
0310,대신,大新,Daesin,,"[36.15278, 128.1964]"
0311,아포,牙浦,Apo,,"[36.15861, 128.25722]"
0312,사곡,沙谷,Sagok,,"[36.098053, 128.35611]"
0313,연화,蓮化,Yeonhwa,,"[35.965, 128.44722]"
0314,지천,枝川,Jicheon,,"[35.897503, 128.50027]"
0315,고모,顧母,Gomo,,"[35.858887, 128.67862]"
0316,삼성,三省,Samseong,,"[37.508743, 127.06352]"
0317,남성현,南省峴,Namseonghyeon,,"[35.70528, 128.71693]"
0318,신거,新巨,Singeo,,"[35.598053, 128.76527]"
0319,망우,忘憂,Mangu,,"[37.599167, 127.092224]"
0320,팔당,八堂,Paldang,,"[37.54827, 127.24398]"
0321,운길산,雲吉山,Ungilsan,,"[37.551945, 127.3075]"
0322,신원,新院,Sinwon,,"[37.52598, 127.37248]"
0323,국수,菊秀,Guksu,,"[37.516182, 127.39938]"
0324,아신,我新,Asin,,"[37.51393, 127.44299]"
0325,석불,石佛,Seokbul,,"[37.46, 127.654724]"
0326,만종,萬鍾,Manjong,고속,"[37.356388, 127.896385]"
0330,고명,高明,Gomyeong,,"[37.113693, 128.24225]"
0339,아화,阿火,Ahwa,,"[35.89778, 129.05139]"
0340,구모량,舊牟梁,Gumoryang,,"[35.826942, 129.12418]"
0342,가수원,佳水院,Gasuwon,,"[36.299442, 127.356384]"
0343,흑석리,黑石里,Heukseok-ri,,"[36.25524, 127.339066]"
0346,부황,夫皇,Buhwang,,"[36.225002, 127.15278]"
0347,용동,龍東,Yongdong,,"[36.109165, 126.99083]"
0349,황등,黃登,Hwangdeung,,"[35.99972, 126.94335]"
0350,부용,芙蓉,Buyong,,"[35.8775, 126.94361]"
0351,와룡,臥龍,Waryong,,"[35.8475, 126.94111]"
0352,감곡,甘谷,Gamgok,,"[35.733334, 126.89722]"
0354,천원,川原,Cheonwon,,"[35.525555, 126.818886]"
0355,노령,蘆嶺,Noryeong,,"[35.49, 126.80056]"
0357,안평,安平,Anpyeong,,"[35.333332, 126.78001]"
0359,임곡,林谷,Imgok,,"[35.218056, 126.744995]"
0360,하남,河南,Hanam,,"[35.175003, 126.79611]"
0361,노안,老安,Noan,,"[35.06611, 126.74222]"
0362,임성리,任城里,Imseong-ri,,"[34.82039, 126.43542]"
0364,동익산,東益山,Dongiksan,,"[35.921112, 126.95694]"
0366,동산,東山,Dongsan,,"[35.875, 127.08778]"
0369,신리,新里,Sin-ri,,"[35.773056, 127.20638]"
0370,관촌,館村,Gwanchon,,"[35.661945, 127.27661]"
0372,봉천,鳳泉,Bongcheon,,"[37.482502, 126.941475]"
0373,서도,書道,Seodo,,"[35.491943, 127.33083]"
0374,산성,山城,Sanseong,,"[37.456917, 127.15003]"
0375,주생,周生,Jusaeng,,"[35.37639, 127.31722]"
0376,옹정,甕井,Ongjeong,,"[35.354164, 127.295555]"
0377,금지,金池,Geumji,,"[35.329166, 127.29]"
0378,봉덕,鳳德,Bongdeok,,"[35.134445, 127.45694]"
0379,개운,開雲,Gaeun,,"[35.02722, 127.45333]"
0380,동운,東雲,Dongun,,"[35.008057, 127.47889]"
0382,성산,星山,Seongsan,,"[34.924725, 127.545555]"
0383,율촌,栗村,Yulchon,,"[34.875553, 127.57667]"
0385,신촌,新村,Sinchon,,"[37.559723, 126.943054]"
0386,가좌,加佐,Gajwa,,"[37.568653, 126.91525]"
0387,수색,水色,Susaek,,"[37.58176, 126.89394]"
0388,한국항공대,韓國航空大,Korea Aerospace Univ.,,"[37.603523, 126.867714]"
0389,강매,江梅,Gangmae,,"[37.612194, 126.8432]"
0390,행신,幸信,Haengsin,고속,"[37.612156, 126.8339]"
0391,능곡,陵谷,Neunggok,,"[37.61897, 126.82058]"
0392,대곡,大谷,Daegok,,"[37.630833, 126.81056]"
0393,곡산,谷山,Goksan,,"[37.645725, 126.80178]"
0394,백마,白馬,Baengma,,"[37.658253, 126.79444]"
0395,일산,一山,Ilsan,,"[37.682343, 126.769554]"
0396,탄현,炭峴,Tanhyeon,,"[37.69378, 126.761055]"
0397,운정,雲井,Unjeong,,"[37.72525, 126.767006]"
0398,금촌,金村,Geumchon,,"[37.765835, 126.77392]"
0399,월롱,月籠,Wollong,,"[37.796192, 126.79256]"
0400,파주,坡州,Paju,,"[37.815193, 126.79281]"
0401,문산,文山,Munsan,,"[37.854553, 126.78758]"
0402,임진강,臨津江,Imjingang,,"[37.888058, 126.74694]"
0403,도라산,都羅山,Dorasan,,"[37.89851, 126.70929]"
0404,효창공원앞,孝昌公園앞,Hyochang Park,,"[37.539276, 126.96136]"
0405,서강대,西江大,Sogang Univ.,,"[37.55214, 126.935555]"
0406,가능,佳陵,Ganeung,,"[37.748333, 127.04417]"
0407,양주,楊州,Yangju,,"[37.774445, 127.04472]"
0408,덕정,德亭,Deokjeong,,"[37.844444, 127.06139]"
0409,동두천중앙,東豆川中央,Dongducheonjungang,,"[37.902225, 127.05639]"
0410,동두천,東豆川,Dongducheon,,"[37.92778, 127.054726]"
0411,소요산,逍遙山,Soyosan,,"[37.948055, 127.06084]"
0412,초성리,哨城里,Choseong-ri,,"[37.995277, 127.07444]"
0413,한탄강,漢灘江,Hantangang,,"[38.0071, 127.065]"
0414,전곡,全谷,Jeongok,,"[38.024605, 127.07114]"
0415,연천,漣川,Yeoncheon,,"[38.101665, 127.07389]"
0416,신망리,新望里,Sinmang-ri,,"[38.13819, 127.08364]"
0417,대광리,大光里,Daegwang-ri,,"[38.18341, 127.10788]"
0418,대정,大井,Daejeong,,"[37.641113, 126.82111]"
0419,원릉,元陵,Wolleung,,"[37.662502, 126.83972]"
0420,삼릉,三陵,Samneung,,"[37.67861, 126.85027]"
0421,벽제,碧蹄,Byeokje,,"[37.68028, 126.89361]"
0422,일영,日迎,Iryeong,,"[37.700558, 126.92916]"
0423,장흥,長興,Jangheung,,"[37.718613, 126.94139]"
0424,온릉,溫陵,Olleung,,"[37.718334, 126.94889]"
0425,송추,松湫,Songchu,,"[37.720833, 126.97972]"
0433,거촌,巨村,Geochon,,"[36.890278, 128.77277]"
0434,봉성,鳳城,Bongseong,,"[36.894447, 128.83055]"
0435,법전,法田,Beopjeon,,"[36.916653, 128.88351]"
0436,녹동,鹿洞,Nokdong,,"[36.91639, 128.95528]"
0437,동점,銅店,Dongjeom,,"[37.084225, 129.04652]"
0438,고사리,古士里,Gosa-ri,,"[37.266945, 129.06111]"
0439,하고사리,下古士里,Hagosa-ri,,"[37.280277, 129.0625]"
0440,마차리,馬次里,Macha-ri,,"[37.305553, 129.07195]"
0441,상정,上鼎,Sangjeong,,"[37.38276, 129.10123]"
0442,미로,未老,Miro,,"[37.416958, 129.11362]"
0443,도경리,桃京里,Dogyeong-ri,,"[37.4425, 129.11528]"
0444,안인,安仁,Anin,,"[37.69136, 129.03331]"
0445,삼척,三陟,Samcheok,,"[37.429928, 129.17873]"
0448,연하,蓮下,Yeonha,,"[37.19155, 128.5561]"
0449,추전,杻田,Chujeon,,"[37.2, 128.94995]"
0450,동백산,東栢山,Dongbaeksan,,"[37.150898, 129.03459]"
0451,범일,凡一,Beomil,,"[35.14389, 129.05167]"
0452,거제,巨堤,Geoje,,"[35.185833, 129.06944]"
0453,안락,安樂,Allak,,"[35.19596, 129.1038]"
0454,재송,裁松,Jaesong,,"[35.189537, 129.1201]"
0455,센텀,,Centum,,"[35.17917, 129.12497]"
0456,벡스코,,BEXCO,,"[35.17167, 129.13583]"
0457,개운포,開雲浦,Gaeunpo,,"[35.50778, 129.3211]"
0464,구부조,舊扶助,Gubujo,,"[36.001945, 129.2825]"
0465,신창원,新昌原,Sinchangwon,,"[35.233105, 128.63974]"
0466,남창원,南昌原,Namchangwon,,"[35.203056, 128.65944]"
0467,성주사,聖住寺,Seongjusa,,"[35.188057, 128.6925]"
0468,경화,慶和,Gyeonghwa,,"[35.15917, 128.68666]"
0469,통해,統海,Tonghae,,"[35.153633, 128.67935]"
0472,청천,淸泉,Cheongcheon,,"[35.88017, 128.76727]"
0473,금호,琴湖,Geumho,,"[35.931736, 128.86885]"
0476,가야,伽倻,Gaya,,"[35.161392, 129.04279]"
0477,낙동강,洛東江,Nakdonggang,,"[35.388554, 128.83023]"
0484,완사,浣紗,Wansa,,"[35.139168, 127.97972]"
0488,평화,平和,Pyeonghwa,,"[34.94278, 127.550835]"
0489,원창,元倉,Wonchang,,"[34.865894, 127.44795]"
0490,구룡,九龍,Guryong,,"[34.84126, 127.41711]"
0491,광곡,廣谷,Gwanggok,,"[34.796387, 127.07305]"
0497,남평,南平,Nampyeong,,"[35.061943, 126.870834]"
0498,동송정,東松汀,Dongsongjeong,,"[35.145245, 126.81678]"
0499,신암,新岩,Sinam,,"[36.161945, 128.01056]"
0500,문단,文丹,Mundan,,"[36.86331, 128.68274]"
0501,광명,光明,Gwangmyeong,고속,"[37.41639, 126.884995]"
0502,천안아산,天安牙山,Cheonan-Asan,고속,"[36.794384, 127.10452]"
0503,아산,牙山,Asan,,"[36.794384, 127.10452]"
0504,장항,長項,Janghang,,"[36.04, 126.71555]"
0505,군산,群山,Gusan,,"[35.9977, 126.76087]"
0506,서대구,西大邱,Seodaegu,청주오송 고속,"[35.880833, 128.53917]"
0507,김천(구미),金泉(龜尾),Gimcheon(Gumi),고속,"[36.1135, 128.18098]"
0508,경주,慶州,Gyeongju,고속,"[35.798332, 129.13889]"
0509,울산,蔚山,Ulsan,고속,"[35.550686, 129.13794]"
0511,진례,進禮,Jinrye,,"[35.2625, 128.76056]"
0512,창원중앙,昌原中央,Changwonjungang,고속,"[35.24222, 128.70193]"
0513,구리,九里,Guri,,"[37.60326, 127.14337]"
0514,공주,公州,Gongju,고속,"[36.33245, 127.096855]"
0515,포항,浦項,Pohang,고속,"[36.07139, 129.34222]"
0516,횡성,橫城,Hoengseong,고속,"[37.482777, 128.01028]"
0517,둔내,屯內,Dunnae,고속,"[37.51, 128.2211]"
0518,평창,平昌,Pyeongchang,고속,"[37.56222, 128.43001]"
0519,진부(오대산),珍富(五臺山),Jinbu(Odaesan),고속,"[37.6425, 128.57472]"
0520,월포,月浦,Wolpo,,"[36.203556, 129.36642]"
0521,장사,長沙,Jangsa,,"[36.284138, 129.36914]"
0522,강구,江口,Ganggu,,"[36.352394, 129.37257]"
0523,영덕,盈德,Yeongdeok,,"[36.41164, 129.37766]"
0524,서원주,西原州,Seowonju,고속,"[37.34972, 127.836945]"
0525,원주,原州,Wonju,고속,"[37.31611, 127.92166]"
0526,안동,安東,Andong,고속,"[36.575, 128.675]"
0527,웅천,熊川,Ungcheon,,"[36.23611, 126.60667]"
0528,대야,大野,Daeya,,"[35.944725, 126.82389]"
0529,부발,夫鉢,Bubal,고속[중부내륙],"[37.26041, 127.4903]"
0530,가남,加南,Ganam,고속,"[37.197502, 127.53528]"
0531,감곡장호원,甘谷長湖院,GamgokJanghowon,고속,"[37.12722, 127.634995]"
0532,앙성온천,仰城溫泉,AngseongOncheon,고속,"[37.09222, 127.78833]"
0533,서경주,西慶州,Seogyeongju,,"[35.885002, 129.18001]"
0534,안강,安康,Angang,,"[35.970554, 129.23277]"
0535,북울산,北蔚山,Bugulsan,,"[35.61472, 129.37222]"
0536,판교(경기),板橋,Pangyo,,"[37.394764, 127.11114]"
0537,서화성,西華城,Seohwaseong,,"[37.248055, 126.78694]"
0538,화성시청,華城市廳,HwaseongCityHall,,"[37.190002, 126.82]"
0539,향남,鄕南,Hyangnam,,"[37.123055, 126.913055]"
0540,안중,安仲,Anjung,,"[36.97111, 126.93806]"
0541,인주,仁州,Inju,,"[36.838333, 126.88167]"
0542,합덕,合德,Hapdeok,,"[36.796387, 126.79889]"
0543,내포,內浦,Naepo,미개통,"[36.686947, 126.72222]"
0544,살미,乷味,Salmi,,"[36.902225, 127.96027]"
0545,수안보온천,水安堡溫泉,SuanboOncheon,,"[36.84139, 128.00471]"
0546,연풍,延豊,Yeonpung,,"[36.78639, 128.01805]"
0547,문경,聞慶,Mungyeong,,"[36.719723, 128.11084]"
0548,군위,軍威,Gunwi,,"[36.161114, 128.74583]"
0551,수서(고속선),水西,Suseo,고속[수서평택][SRT],"[37.486946, 127.101944]"
0552,동탄,東灘,Dongtan,고속[수서평택][SRT],"[37.201168, 127.095116]"
0553,평택지제,平澤芝制,PyeongtaekJije,고속[수서평택],"[37.01889, 127.070274]"
0592,부산기지,釜山基地,Busangiji,,
0593,고양기지,高陽基地,Goyanggiji,,"[37.612156, 126.8339]"
0600,근덕,近德,Geundeok,,"[37.31472, 129.27722]"
0601,임원,臨院,Imwon,,"[37.240555, 129.32639]"
0602,옥원,沃原,Ogwon,,"[37.18389, 129.32417]"
0603,흥부,興富,Heungbu,,"[37.096943, 129.36917]"
0604,죽변,竹邊,Jukbyeon,,"[37.049168, 129.40416]"
0605,울진,蔚珍,Uljin,,"[36.982777, 129.395]"
0606,매화,梅花,Maehwa,,"[36.882774, 129.40971]"
0607,기성,箕城,Giseong,,"[36.790276, 129.4475]"
0608,평해,平海,Pyeonghae,,"[36.725277, 129.44556]"
0609,후포,厚浦,Hupo,,"[36.683056, 129.43695]"
0610,고래불,,Goraebul,,"[36.602776, 129.40639]"
0611,영해,寧海,Yeonghae,,"[36.538055, 129.39667]"
0614,세류,細柳,Seryu,,"[37.244167, 127.01417]"
0615,두정,斗井,Dujeong,,"[36.833992, 127.149185]"
0616,서창,瑞倉,Seochang,,"[36.62597, 127.2903]"
0617,대전조차장,大田操車場,Daejeonjochajang,,"[36.37111, 127.4225]"
0620,미전,美田,Mijeon,,"[35.400833, 128.82445]"
0627,북영주,北榮州,Bugyeongju,,"[36.821575, 128.62671]"
0633,채운,彩雲,Chaeun,,"[36.163334, 127.04889]"
0634,북송정,北松汀,Buksongjeong,,"[35.145714, 126.79655]"
0635,상봉,上鳳,Sangbong,고속,"[37.59558, 127.085754]"
0636,비동,肥洞,Bidong,,"[36.95778, 129.07388]"
0665,우암,牛岩,Uam,,"[35.12472, 129.07306]"
0691,장생포,長生浦,Jangsaengpo,,"[35.507057, 129.35408]"
0692,괴동,槐東,Goedong,,"[35.996666, 129.375]"
0693,지행,紙杏,Jihaeng,,"[37.892223, 127.05556]"
0694,갈매,葛梅,Galmae,,"[37.634136, 127.1148]"
0701,주평,舟坪,Jupyeong,,"[36.64306, 128.17056]"
0702,진남,鎭南,Jinnam,,"[36.65528, 128.12805]"
0706,옥구,沃溝,Okgu,,"[35.918335, 126.66778]"
0709,북전주,北全州,Bukjeonju,,"[35.866943, 127.09722]"
0710,흥국사,興國寺,Heungguksa,,"[34.816666, 127.67611]"
0711,적량,積良,Jeongnyang,,"[34.855553, 127.70611]"
0712,초남,草南,Chonam,,"[34.92972, 127.60861]"
0713,황길,黃吉,Hwanggil,,"[34.91889, 127.662224]"
0714,태금,太金,Taegeum,,"[34.930557, 127.71527]"
0715,광양항,光陽港,Gwangyanghang,,"[34.923058, 127.68584]"
0719,청령포,淸泠浦,Cheongnyeongpo,,"[37.17139, 128.45193]"
0720,탄부,炭釜,Tanbu,,"[37.183334, 128.50917]"
0721,조동,鳥洞,Jodong,,"[37.228058, 128.6975]"
0722,묵호항,墨湖港,Mukhohang,,"[37.539852, 129.1121]"
0723,삼화,三和,Samhwa,,"[37.485832, 129.06277]"
0726,온산,溫山,Onsan,,"[35.42133, 129.35103]"
0727,울산항,蔚山港,Ulsanhang,,"[35.510834, 129.37473]"
0729,신선대,神仙臺,Sinseondae,,"[35.108334, 129.08333]"
0730,이문,里門,Imun,,"[37.60361, 127.06833]"
0731,양원,兩元,Yangwon,,"[36.964764, 129.09157]"
0732,금릉,金陵,Geumneung,,"[37.7515, 126.76522]"
0733,운천,雲泉,Uncheon,,"[37.87942, 126.77046]"
0734,망상해수욕장,望祥海水浴場,Mangsang Beach,[28],"[37.593056, 129.0875]"
0735,가천,佳川,Gacheon,,"[35.85361, 128.69305]"
0736,금강,琴江,Geumgang,,"[35.8625, 128.73723]"
0737,중랑,中浪,Jungnang,,"[37.594917, 127.07583]"
0738,백마고지,白馬高地,Baengmagoji,,"[38.2575, 127.166115]"
0751,천마산,天摩山,Cheonmasan,,"[37.657803, 127.287155]"
0801,구일,九一,Guil,,"[37.496113, 126.86972]"
0802,개봉,開峰,Gaebong,,"[37.494583, 126.85875]"
0803,오류동,梧柳洞,Oryu-dong,,"[37.49439, 126.84483]"
0804,온수,溫水,Onsu,,"[37.491943, 126.82305]"
0805,역곡,驛谷,Yeokgok,,"[37.485, 126.81139]"
0806,소사,素砂,Sosa,,"[37.48275, 126.79581]"
0807,부천,富川,Bucheon,,"[37.484055, 126.78253]"
0808,중동,中洞,Jung-dong,,"[37.486668, 126.76422]"
0809,송내,松內,Songnae,,"[37.48764, 126.752914]"
0810,부개,富開,Bugae,,"[37.488472, 126.74058]"
0811,부평,富平,Bupyeong,,"[37.48955, 126.724075]"
0812,백운,白雲,Baegun,,"[37.48353, 126.70761]"
0813,동암,銅岩,Dongam,,"[37.47089, 126.70291]"
0814,간석,間石,Ganseok,,"[37.464695, 126.69378]"
0815,주안,朱安,Juan,,"[37.464973, 126.68063]"
0816,제물포,濟物浦,Jemulpo,,"[37.466785, 126.6568]"
0817,도원,桃源,Dowon,,"[37.468674, 126.64231]"
0818,동인천,東仁川,Dongincheon,,"[37.475155, 126.632866]"
0819,인천,仁川,Incheon,,"[37.475834, 126.61667]"
0820,남영,南營,Namyeong,,"[37.54, 126.97139]"
0821,대방,大方,Daebang,,"[37.5133, 126.92638]"
0822,신길,新吉,Singil,,"[37.51664, 126.91858]"
0823,신도림,新道林,Sindorim,,"[37.509167, 126.891106]"
0824,구로,九老,Guro,,"[37.503056, 126.88194]"
0825,가산디지털단지,加山디지털단지,Gasan Digital Complex,,"[37.4807, 126.88295]"
0826,석수,石水,Seoksu,,"[37.434147, 126.90254]"
0827,관악,冠岳,Gwanak,,"[37.41924, 126.9087]"
0828,명학,鳴鶴,Myeonghak,,"[37.384617, 126.93548]"
0829,금정,衿井,Geumjeong,,"[37.372086, 126.94357]"
0830,성균관대,成均館大,Sungkyunkwan Univ.,,"[37.300285, 126.97109]"
0831,화서,華西,Hwaseo,,"[37.285, 126.988884]"
0832,이촌,二村,Ichon,,"[37.522278, 126.974724]"
0833,서빙고,西氷庫,Seobinggo,,"[37.51957, 126.988556]"
0834,한남,漢南,Hannam,,"[37.52913, 127.008095]"
0835,응봉,鷹峰,Eungbong,,"[37.55083, 127.03518]"
0836,왕십리,往十里,Wangsimni,,"[37.561195, 127.037445]"
0837,회기,回基,Hoegi,,"[37.589165, 127.05723]"
0838,외대앞,外大앞,Hankuk Univ. of Foreign Studies,,"[37.594997, 127.06278]"
0839,신이문,新里門,Sinimun,,"[37.602497, 127.0675]"
0840,석계,石溪,Seokgye,,"[37.61472, 127.06528]"
0841,월계,月溪,Wolgye,,"[37.631664, 127.05806]"
0842,녹천,鹿川,Nokcheon,,"[37.644726, 127.050835]"
0843,창동,倉洞,Chang-dong,,"[37.6525, 127.04694]"
0844,방학,放鶴,Banghak,,"[37.667225, 127.04417]"
0845,도봉,道峰,Dobong,,"[37.67917, 127.04528]"
0846,도봉산,道峰山,Dobongsan,,"[37.689445, 127.04583]"
0847,망월사,望月寺,Mangwolsa,,"[37.710278, 127.0475]"
0848,회룡,回龍,Hoeryong,,"[37.72436, 127.04736]"
0850,산본,山本,Sanbon,,"[37.358055, 126.93305]"
0851,대야미,大夜味,Daeyami,,"[37.32833, 126.91722]"
0852,반월,半月,Banwol,,"[37.31222, 126.90361]"
0853,상록수,常綠樹,Sangnoksu,,"[37.302776, 126.86639]"
0854,한대앞,漢大앞,Hanyang Univ. at Ansan,,"[37.309772, 126.85358]"
0855,중앙,中央,Jungang,,"[37.315956, 126.838646]"
0856,고잔,古棧,Gojan,,"[37.316814, 126.82313]"
0857,초지,草芝,Choji,,"[37.320583, 126.8062]"
0858,안산,安山,Ansan,,"[37.32722, 126.78833]"
0859,범계,,Beomgye,,"[37.389652, 126.95061]"
0860,평촌,坪村,Pyeongchon,,"[37.3943, 126.963844]"
0861,인덕원,仁德院,Indeogwon,,"[37.40164, 126.97667]"
0862,정부과천청사,政府果川廳舍,Government Complex Gwacheon,,"[37.42647, 126.989914]"
0863,과천,果川,Gwacheon,,"[37.433056, 126.99694]"
0864,대공원,大公園,Seoul Grand Park,,"[37.43556, 127.006386]"
0865,경마공원,競馬公園,Seoul Racecourse Park,,"[37.444168, 127.007774]"
0866,선바위,,Seonbawi,,"[37.451862, 127.00214]"
0867,수서(분당선),水西,Suseo,,"[37.486946, 127.101944]"
0868,복정,福井,Bokjeong,,"[37.47033, 127.126625]"
0869,가천대,嘉泉大,Gachon Univ.,,"[37.44778, 127.126945]"
0870,태평,太平,Taepyeong,,"[37.439445, 127.12806]"
0871,모란,牡丹,Moran,,"[37.43139, 127.12972]"
0872,야탑,野塔,Yatap,,"[37.41114, 127.12872]"
0873,서현,書峴,Seohyeon,,"[37.385117, 127.1233]"
0874,수내,藪內,Sunae,,"[37.37855, 127.11427]"
0875,정자,亭子,Jeongja,,"[37.366276, 127.10812]"
0876,미금,美金,Migeum,,"[37.35, 127.10889]"
0877,오리,梧里,Ori,,"[37.339775, 127.10894]"
0878,지축,紙杻,Jichuk,,"[37.648056, 126.91389]"
0879,삼송,三松,Samsong,,"[37.653057, 126.89555]"
0880,원당,元堂,Wondang,,"[37.653336, 126.843056]"
0881,화정,花井,Hwajeong,,"[37.634724, 126.83278]"
0882,백석,白石,Baekseok,,"[37.64306, 126.78778]"
0883,마두,馬頭,Madu,,"[37.651947, 126.777504]"
0884,정발산,鼎鉢山,Jeongbalsan,,"[37.659676, 126.77329]"
0885,주엽,注葉,Juyeop,,"[37.67028, 126.76111]"
0886,대화,大化,Daehwa,,"[37.676113, 126.7475]"
0887,독산,禿山,Doksan,,"[37.465946, 126.889496]"
0888,신길온천,新吉溫泉,SingilOncheon,,"[37.33747, 126.76725]"
0889,정왕,正往,Jeongwang,,"[37.351665, 126.742775]"
0890,오이도,烏耳島,Oido,,"[37.361942, 126.73833]"
0891,도화,道禾,Dohwa,,"[37.466118, 126.66826]"
0892,옥수,玉水,Oksu,,"[37.541695, 127.01728]"
0893,수리산,修理山,Surisan,,"[37.350277, 126.92555]"
0894,남태령,南泰嶺,Namtaeryeong,,"[37.46389, 126.98917]"
0895,선릉,宣陵,Seolleung,,"[37.50445, 127.04899]"
0896,한티,,Hanti,,"[37.496166, 127.052895]"
0897,도곡,道谷,Dogok,,"[37.49083, 127.05539]"
0898,개포동,開浦洞,Gaepodong,,"[37.48897, 127.06603]"
0899,대모산입구,大母山入口,Daemosan,,"[37.491196, 127.07275]"
0900,이매,二梅,Imae,,"[37.395733, 127.12837]"
0913,공덕,孔德,Gongdeok,,"[37.54386, 126.95103]"
0914,홍대입구,弘大入口,Hongik Univ.,,"[37.556667, 126.92361]"
0915,디엠씨,,Digital Media City,,"[37.576664, 126.90139]"
0916,김포공항,金浦空港,Gimpo Int'l Airport,,"[37.5625, 126.800835]"
0917,계양,桂陽,Gyeyang,,"[37.57139, 126.73638]"
0918,검암,黔岩,Geomam,고속,"[37.569164, 126.67361]"
0919,운서,雲西,Unseo,,"[37.49278, 126.49361]"
0920,공항화물청사,空港貨物廳舍,Inc Int'l Airport Cargo Terminal,,"[37.45889, 126.477776]"
0921,인천공항T1,仁川空港1터미널,Incheon Int'l Airport Terminal 1,고속,
0923,인천공항T2,仁川空港2터미널,Incheon Int'l Airport Terminal 2,고속,"[37.46766, 126.43415]"
0924,송도국제교,松島國際橋,Songdogukjegyo,[32],
0931,울릉도,鬱陵島,Ulleungdo,[33],
0998,신경주분기,新慶州分岐,Singyeongju Junction,[34],
